Emplyee name,Total Attrition count
Abram S Manrique,1
Adalberto W Creek,1
Adele M Burnam,1
Adelia U Villagomez,1
Adell W Trower,1
Ahmed I Strope,1
Ahmed V Lease,1
Al Fegley,1
Alease Y Lander,1
Alexis D Bonelli,1
Allen L Vachon,1
Alphonso U Laffoon,1
Amado C Bonet,1
Amelia H Burbank,1
Andre Q Maxon,1
Andrea Rhymes,1
Angelo B Fitzmaurice,1
Armida Bridwell,1
Arron R Vegas,1
Astrid Marinelli,1
August C Strother,1
August F Dones,1
Austin Janney,1
Barak Sali,1
Beatrice Coen,1
Bernard A Harbert,1
Bernardo X Barbee,1
Bertha E Harbison,1
Bethann Marini,1
Blanch Y Mysliwiec,1
Bobbie X Schoenrock,1
Brendon J Camp,1
Bryan V Guyton,1
Cameron K Gratton,1
Candelaria Zajicek,1
Carlotta T Ryles,1
Carlton P Bose,1
Carmelia E Bergeron,1
Carmen U Benbow,1
Carolin T Loya,1
Carter C Hunt,1
Cedrick K Engelhardt,1
Celinda C Magruder,1
Charlie V Koeller,1
Chase Paradise,1
Chase T Scurry,1
Chere Patchett,1
Cindie T Madden,1
Clemente S Wiechmann,1
Clint Strayhorn,1
Cole Dellinger,1
Cordell M Tweedy,1
Cordia M Knopp,1
Corina U Korhonen,1
Curtis E Quayle,1
Dane Lawrence,1
Danette A Kuykendall,1
Deandre U Groleau,1
Devin U Hales,1
Dion K Taylor,1
Dion Taylor,1
Don Southwick,1
Donald H Mazur,1
Donald P Phaneuf,1
Donnell Babbitt,1
Dorothea J Canterbury,1
Douglas Cull,1
Doyle T Grindstaff,1
Ed Shockley,1
Edmundo R Rew,1
Efrain Moats,1
Elaine B Randazzo,1
Elease H Burger,1
Eleonora S Pollard,1
Elroy Kimbler,1
Elroy N Kimbler,1
Elvis Stroh,1
Emmanuel G Chamorro,1
Ena Thor,1
Erin K Stclair,1
Ernestine E Fludd,1
Ewa B Staples,1
Exie C Bradham,1
Faustino Scheffel,1
Federico I Carlile,1
Fermin L Zapata,1
Forrest Q Zell,1
Frankie I Speed,1
Fredericka J Varney,1
Gabriel S Beale,1
Gavin V Mckillip,1
Genaro Lukasik,1
Georgiann Harrell,1
Gerry D Woolery,1
Gerry X Koh,1
Gia M Casas,1
Gilberto U Greaves,1
Giuseppina E Fink,1
Graham O Romeo,1
Guy S Troy,1
Gwyn I Parish,1
Herb B Irving,1
Heriberto Starkey,1
Hiram K Stokely,1
Hollis Z Carr,1
Hui E Bizzell,1
Hung H Nicola,1
Hyun M Gloss,1
Hyun Z Bynoe,1
Inocencia Z Buteau,1
Isaiah Y Magwood,1
Isiah S Coppock,1
Isis N Rufus,1
Izetta B Alford,1
Jacinta Y Cheney,1
Jackie Sachs,1
Jae B Isabell,1
Jamey S Seim,1
Jamison U Crutchfield,1
Janie P Caswell,1
Jeff W Zacarias,1
Jeffrey Berg,1
Jennefer Ours,1
Jeramy T Londono,1
Jesus E Mclelland,1
Joel S Maine,1
Joleen H Chea,1
Joline Frisby,1
Josette Betancourt,1
Josette R Betancourt,1
Julius N Bakker,1
Junita Huhn,1
Kassie Akers,1
Kassie Q Binder,1
Kaye Tubbs,1
Kermit L Mcphail,1
Keven A Jewell,1
Keven H Araiza,1
Kieth D Castelli,1
Kindra V Cruickshank,1
Kizzy W Brazelton,1
Kristle D Figgs,1
Lacy Q Deshotel,1
Lamar L Legg,1
Lavette P Cheney,1
Leif Y Harness,1
Les V Gran,1
Liana T Quesenberry,1
Lidia Kuiper,1
Lilli Tartt,1
Lincoln Demaria,1
Lindsey W Whittle,1
Linh U Ashton,1
Lino M Lizarraga,1
Lizzie D Ratcliff,1
Loraine Barnes,1
Lorri Garney,1
Lottie Bonin,1
Lucinda Z Borton,1
Luigi G Lembo,1
Lyla Donald,1
Lyla Q Donald,1
Mandy Lavalley,1
Marcell T Farias,1
Marg Dunfee,1
Margarito O Retana,1
Marina X Quayle,1
Mary Y Tate,1
Maryln H Springfield,1
Marylynn Ealey,1
Meda I Hayner,1
Mei H Silvera,1
Meryl B Jude,1
Mica Z Herzberg,1
Micki R Jauregui,1
Mika J Rodriquez,1
Morgan Carriere,1
Morgan V Leonetti,1
Mose Brucker,1
Nelson Dubuc,1
Newton L Cromartie,1
Norris P Ewen,1
Omer H Moultrie,1
Oren M Mcnabb,1
Oren Mcnabb,1
Otto Reilly,1
Pansy F Duchesne,1
Prince Maloof,1
Ramonita Z Fincher,1
Raymon I Chavarria,1
Reanna I Hampton,1
Reed O Vella,1
Reinaldo Castellanos,1
Robert F Trudeau,1
Rodney Leonardo,1
Rory Syed,1
Rosaline H Brenneman,1
Roscoe Tunney,1
Rozanne N Mielke,1
Rufus F Furlong,1
Russ I Teed,1
Salena Santillan,1
Sam E Lacey,1
Seth Willilams,1
Shavonne B Boylan,1
Sherlene E Mcdaniel,1
Sherryl B Raker,1
Stanton Y Cavallaro,1
Stephan Q Ranger,1
Steven Daigneault,1
Sunshine F Earle,1
Susana Hooks,1
Susann A Faucett,1
Suzette Lovejoy,1
Tamesha I Knepper,1
Tamica J Holoman,1
Tawanda E Buchanon,1
Terra D Routh,1
Theresa R Fitzmaurice,1
Theron T Kramer,1
Thomas H Huang,1
Thora Vanhook,1
Tonja Lenahan,1
Tracie J Winebarger,1
Ula W Hartl,1
Valeria Fang,1
Verla H Contreras,1
Victor Helmuth,1
Whitney N Wasinger,1
William B Mcnerney,1
Willian Zeringue,1
Willis D Weissman,1
Windy A Dudek,1
Winona Slape,1
Young W Funes,1
Zane J Hurdle,1
Zella Renn,1
Abbey Schindler,0
Abe J Macleod,0
Abe Morales,0
Abe X Paro,0
Abram Q Keffer,0
Adam B Katzer,0
Adelaide L Harrop,0
Adelia Abbas,0
Adella U Foushee,0
Adelle E Brunner,0
Adria M Melendrez,0
Adriana O Medved,0
Agnes Blow,0
Agnes D Doud,0
Ahmad V Lynde,0
Ahmed C Minch,0
Aiko Blossom,0
Aileen F Hiltz,0
Aileen Hiltz,0
Akiko S Godby,0
Alanna L Tyrell,0
Albert Z Dunford,0
Alda F Penning,0
Alden Cauley,0
Alden Y Cauley,0
Alease Lander,0
Alec Mcnees,0
Aleisha H Mathew,0
Alesia B Bear,0
Alexis C Amaral,0
Alexis Q Grose,0
Alfonzo Knupp,0
Alfred L Strausbaugh,0
Alina L Prowell,0
Alise Baltzell,0
Alise O Baltzell,0
Alisha D Coppock,0
Aliza X Sammons,0
Allene T Lepe,0
Alline V Kushner,0
Allyn O Farrior,0
Allyson I Ours,0
Almeda M Dunford,0
Alonzo W Stanford,0
Alphonso Laffoon,0
Alysia Basil,0
Amada J Knouse,0
America V Lobel,0
Amiee Z Chaffins,0
Analisa X Birdsell,0
Andreas L Kennard,0
Andreas T Viles,0
Andres P Towles,0
Andres S Garner,0
Andrew D Hersey,0
Andrew Detweiler,0
Andrew P Detweiler,0
Andria Z Reza,0
Angel F Palomino,0
Angel Ferebee,0
Angela P Lorenzen,0
Anibal F Pieper,0
Anisha Jasmin,0
Annabelle E Encinas,0
Annette Jolin,0
Antone Polston,0
Antone W Polston,0
Archie Blair,0
Arden B Fujita,0
Arlen F Maly,0
Arlen Joly,0
Arlen M Joly,0
Arlen Z Vanslyke,0
Armando H Seaborn,0
Arnoldo D Mckeen,0
Aron Durante,0
Arturo N Halvorsen,0
Asa E Kunze,0
Ashanti R Swim,0
Ashlie G Cadena,0
Asley F Mcewan,0
Astrid R Marinelli,0
Asuncion X Braunstein,0
Audrea B Prather,0
Audrea K Papineau,0
Audria W Barrios,0
Audrie X Mccammon,0
August C Navarette,0
Augusta G Kircher,0
Aundrea W Lundberg,0
Aurelio K Wyckoff,0
Ayako Bachmann,0
Ayako L Bachmann,0
Barrie Collman,0
Barrie E Collman,0
Bart B Gilcrease,0
Beatrice A Knopf,0
Beatrice T Coen,0
Bell N Molinaro,0
Belva Fitzwater,0
Ben Gigliotti,0
Ben Lagrange,0
Ben N Lamson,0
Ben U Gigliotti,0
Benedict B Wix,0
Benedict U Daye,0
Bennie E Manfredi,0
Benny S Brinker,0
Berna Z Stoller,0
Bernard Harbert,0
Bernard N Weatherly,0
Bernarda E Gervais,0
Bernardina X Roesch,0
Bernardo I Garzon,0
Bernie M Kish,0
Bert Q Lauritzen,0
Bert S Kinkade,0
Beryl Helsel,0
Bill Tarkington,0
Billie Liang,0
Birdie Savoy,0
Bo E Curlee,0
Bobbie P Chumley,0
Bobbie Q Holbrook,0
Bobbie S Miner,0
Bong M Alvares,0
Bonny Poor,0
Bonny S Poor,0
Boris A Mccown,0
Brad I Pattison,0
Bradford K Marlatt,0
Brande Sevier,0
Brendon E Mone,0
Brendon V Crowther,0
Brent U Perlman,0
Brenton U Boyett,0
Bret C Delancey,0
Brett Z Vadnais,0
Bridget D Spadaro,0
Bridget Rake,0
Brigitte D Fendley,0
Britt P Shivers,0
Britt Shivers,0
Bruna R Welke,0
Bryan J Stampley,0
Bryanna Pyron,0
Bryant L Kinsman,0
Bryce B Edens,0
Buck H Rancourt,0
Buck Rancourt,0
Bud Kistner,0
Bud L Lofgren,0
Bud Lofgren,0
Buddy G Steinbeck,0
Buddy W Lofgren,0
Buford Q Giancola,0
Bula Reich,0
Burton C Jin,0
Caleb Luther,0
Cameron A Chamberland,0
Cameron Chamberland,0
Candelaria Q Zajicek,0
Carey J Sandlin,0
Carey N Mccready,0
Carl M Paddock,0
Carlo B Ali,0
Carlos Banh,0
Carlton P Mahurin,0
Carly L Sirianni,0
Carmelia R Lattimer,0
Carmen F Barret,0
Carmon A Howlett,0
Carolina B Pasillas,0
Carolynn V Moynihan,0
Carrol Arend,0
Carrol O Arend,0
Carter B Hilderbrand,0
Casey D Krier,0
Cassaundra K Polito,0
Cayla Mealy,0
Cecil Teixeira,0
Cecily D Houser,0
Cedric N Cavallo,0
Cedrick Engelhardt,0
Cedrick M Cordle,0
Celesta L Reeser,0
Celestine H Alderson,0
Celine Baskin,0
Chadwick I Hargreaves,0
Charity N Denman,0
Charles S Nicholes,0
Charlie Moxley,0
Chase J Paradise,0
Chau R Barron,0
Chauncey Southerland,0
Chaya W Caudle,0
Cheree Lusk,0
Chester N Sitz,0
Chi S Clopton,0
Ching D Applegate,0
Chris Braggs,0
Chrissy H Edmonson,0
Christena Kratz,0
Christene Blakemore,0
Christene F Blakemore,0
Christene L Mccaleb,0
Christi H Amaker,0
Christie Rodger,0
Christoper K Manzano,0
Chung J Moynihan,0
Cicely W Colton,0
Clara B Sifuentes,0
Clarence Hinkson,0
Clarence J Hinkson,0
Claretta D Wingert,0
Clark Spence,0
Claudio Q Bien,0
Clemmie F Montague,0
Cleveland A Zinke,0
Cleveland Franko,0
Cleveland W Franko,0
Cliff Skipworth,0
Clint Q Orear,0
Clint Q Strayhorn,0
Clinton Tschida,0
Clotilde Mason,0
Clotilde X Mason,0
Clyde P Ponton,0
Cole M Dellinger,0
Cole N Poling,0
Colin V Likens,0
Colleen B Lenihan,0
Colton B Salzman,0
Colton Salzman,0
Conrad R Saito,0
Conrad Saito,0
Cordell Riche,0
Corey F Stowe,0
Cortez F Espiritu,0
Coy I Gentner,0
Cristal Q Kucharski,0
Cristi T Clem,0
Crystal Comes,0
Crystal U Comes,0
Cyndy Ary,0
Cyndy H Ary,0
Cythia I Stecker,0
Daina U Ledet,0
Dale Childers,0
Dale E Childers,0
Damian F Mcgaughey,0
Damian X Grist,0
Damien A Izquierdo,0
Daniel L Nava,0
Danilo Hammes,0
Danilo S Hammes,0
Darcel P Burford,0
Darin Keitt,0
Darin U Shipp,0
Darren U Shoulders,0
Darron Tittle,0
Darwin W Lemoine,0
Davida A Funkhouser,0
Davis Z Gaylor,0
Dawna T Woodbury,0
Dawne Y Gardner,0
Dayna M Edmondson,0
Deane I Keown,0
Deanna P Scoggin,0
Debbie C Lipsey,0
Debrah X Flury,0
Dee Joslyn,0
Deeanna E Cluck,0
Delana I Selfridge,0
Delana Y Freedman,0
Delfina O Day,0
Delphine P Carpio,0
Delsie R Tennison,0
Demarcus Recio,0
Denis T Yelle,0
Denis Y Fehr,0
Dennis K Cayer,0
Deon U Mounce,0
Derick A Macey,0
Derrick Culbreth,0
Deshawn O Mankin,0
Desirae D Ginn,0
Desirae Ginn,0
Desiree L Sobel,0
Detra D Rymer,0
Devin Hales,0
Dewayne X Groom,0
Dian I Peachey,0
Digna Q Eck,0
Dong B Sturdevant,0
Dong Sturdevant,0
Donna R Woodrum,0
Donte H Granger,0
Donya G Rodden,0
Dorethea U Engram,0
Doria Z Crouse,0
Dorla G Westberry,0
Dorothy Gard,0
Dorothy Q Gard,0
Dortha Z Harty,0
Dottie D Hagaman,0
Dottie Hagaman,0
Doug B Southwick,0
Dovie F Larue,0
Dovie Nickerson,0
Dovie U Nickerson,0
Doyle Grindstaff,0
Doyle N Utter,0
Doyle Utter,0
Drucilla Simkins,0
Dudley G Slocum,0
Dudley Slocum,0
Dulce E Grizzard,0
Dulce Grizzard,0
Duncan O Maheu,0
Dustin Y Espey,0
Dusty L Kugler,0
Dwain O Upham,0
Dwain Upham,0
Dwayne Marker,0
Dwayne W Marker,0
Earlean Funke,0
Earlean Y Funke,0
Earnest H Birkholz,0
Eartha Z Oceguera,0
Ed X Shockley,0
Eda O Brase,0
Edgar Teer,0
Edmund K Masuda,0
Edmund Mcclung,0
Edra M Guthrie,0
Effie Jelinek,0
Efrain L Wass,0
Efren G Ager,0
Ela K Hames,0
Eladia A Braggs,0
Eldridge B Bose,0
Eldridge Bose,0
Eldridge M Benningfield,0
Eleanor D Dickson,0
Eleanora Farthing,0
Elenor B Gibbs,0
Elenora S Whitehill,0
Elenora V Halley,0
Eleonora Pollard,0
Elias Pinkard,0
Elias Y Pinkard,0
Elijah P Elkin,0
Elijah X Ahmad,0
Eliz R Linneman,0
Elliott Chess,0
Ellis J Mccune,0
Ellis V Mcneel,0
Elmo G Pagano,0
Elois Z Ono,0
Eloise Demoss,0
Eloise Z Demoss,0
Elroy L Shorts,0
Elsie S Depaz,0
Elsy B Latta,0
Elsy Beyer,0
Elvis J Stroh,0
Elvis Veiga,0
Elwood T More,0
Emeline I Richer,0
Emery P Sorrells,0
Emiko Z Lolley,0
Emile Aponte,0
Emma Dice,0
Emma Monti,0
Emma X Monti,0
Emmitt X Plante,0
Employees,0
Ena Mullins,0
Enda Kirchner,0
Eric C Irvine,0
Erica S Harlan,0
Erik W Steffen,0
Erin L Jasmin,0
Ernestine Fludd,0
Esmeralda N Veliz,0
Estella E Miley,0
Etsuko O Wilmot,0
Ettie S Stilwell,0
Eveline B Strecker,0
Evon Q Lawson,0
Ezequiel N Shell,0
Ezra Calvert,0
Fabian Say,0
Fawn Buckman,0
Fe A Schrock,0
Federico B Edmond,0
Federico Edmond,0
Felisha Q Ettinger,0
Felix S Croker,0
Femi Grek,0
Ferdinand Ramsdell,0
Fernando Korhonen,0
Fernando S Korhonen,0
Forest Z Blewett,0
Forest Z Hacker,0
Francis O Encarnacion,0
Frank O Mallon,0
Franklyn V Hummell,0
Freddie C Headen,0
Freddy A Rolling,0
Freddy Rolling,0
Gabriel E Pearsall,0
Galina G Woodbury,0
Garland J Verville,0
Garland Z Leavell,0
Garnett Dryer,0
Garret Flakes,0
Garrett Nolette,0
Garrett S Nolette,0
Gearldine Stolte,0
Gema S Grover,0
Gemma I Chilton,0
George U Clouser,0
Georgiann C Harrell,0
Gerardo Q Bergen,0
Geri M Tuthill,0
Gerry Harvey,0
Gertrud B Glidden,0
Gertrud Glidden,0
Gidget X Loring,0
Gilbert M Wolfgram,0
Gilbert Z Bloss,0
Giovanna M Clift,0
Giuseppe D Chouinard,0
Giuseppina Dagostino,0
Giuseppina N Dagostino,0
Glady Q Kump,0
Glenn N Vinyard,0
Glenn Vinyard,0
Gracie P Lett,0
Grady Y Perera,0
Gregorio H Hottinger,0
Gregory I Kidwell,0
Grisel R Whitty,0
Grisel Sutton,0
Grover Mcgahey,0
Guillermo X Schwan,0
Gustavo F Rouse,0
Gwyn E Etzel,0
Gwyn Etzel,0
Gwyn N Mitzel,0
Hai Y Arden,0
Hal K Kells,0
Hal Kells,0
Haley G Bova,0
Hannah K Ma,0
Hans G Koh,0
Harland S Renshaw,0
Harriett A Mccurry,0
Hassan Radabaugh,0
Hayden E Novack,0
Hayden J Jang,0
Heath Aikin,0
Heath Fell,0
Heath K Fell,0
Heriberto Rollo,0
Heriberto Y Starkey,0
Herlinda U Negron,0
Hermila X Crosslin,0
Hester B Cabana,0
Hettie S Lauber,0
Holley M Cathcart,0
Holli G Ethridge,0
Homer Hollowell,0
Honey D Eaves,0
Hong M Townson,0
Horace Hobart,0
Horacio S Salazar,0
Hosea B Michelson,0
Houston K Joe,0
Hoyt O Reiss,0
Hubert L Kirkland,0
Hugh N Chavira,0
Hui Bizzell,0
Iliana Fogle,0
Iliana M Fogle,0
Ilse X Harr,0
Ingeborg Z Weisser,0
Inger Gillan,0
Irene Ellerbee,0
Irving C Pillar,0
Irwin River,0
Isaac O Dempster,0
Isaac Tsan,0
Isabella X Russell,0
Isaiah G Parrish,0
Isiah Wilkie,0
Isis F Hash,0
Isobel K Dance,0
Israel T Hertzler,0
Isreal F Metoyer,0
Isreal Metoyer,0
Ivan A Groner,0
Izola E Ye,0
Jacinda X Michalec,0
Jack J Warfel,0
Jack Partin,0
Jackie P Montague,0
Jaleesa I Averett,0
Jamaal Resto,0
Jamaal Z Resto,0
Jamal G Dimarco,0
Jamel Meaney,0
Jamison Crutchfield,0
Janean A Tyler,0
Janessa M Drennen,0
Jaquelyn C Holzman,0
Jarred C Class,0
Jarred Class,0
Jason V Gravois,0
Jasper P Barnaby,0
Jayme B Shimer,0
Jayson S Carrol,0
Jazmin Wheless,0
Jc Meyers,0
Jc S Meyers,0
Jeanetta N Norden,0
Jeanna U Li,0
Jeff E Lucero,0
Jeff Mallon,0
Jefferey Folkerts,0
Jefferson N Thurman,0
Jeffery A Brafford,0
Jenell S Sauers,0
Jeneva Y Bybee,0
Jenni Olguin,0
Jennifer Z Pridgen,0
Jeramy F Metoyer,0
Jeremiah Harriss,0
Jeremiah N Curran,0
Jeremy Belew,0
Jerlene P Dunnigan,0
Jerome P Whitefield,0
Jerome Spangler,0
Jerome Whitefield,0
Jerrell Mcfarlin,0
Jerri Dunkle,0
Jesus H Guillen,0
Jesus Tafolla,0
Jewel R Willhite,0
Jillian Harry,0
Jim J Lurie,0
Jimmie A Rorie,0
Jimmie Esqueda,0
Jimmie F Vasquez,0
Jimmy Canaday,0
Joanie N Folkerts,0
Joanna Deforest,0
Joanna H Deforest,0
Joanna M Sandefur,0
Joannie E Wolters,0
Joaquin Vaz,0
Jocelyn Q Scotti,0
Jody K Rude,0
Jody Slavens,0
Joesph Y Shrout,0
Johnie Centers,0
Johnie V Centers,0
Jolanda Dewees,0
Jolanda L Dewees,0
Jon Arvizu,0
Jon Behler,0
Jong Borchers,0
Jong U Borchers,0
Jordan D Phu,0
Jordan Phu,0
Jorge R Coghlan,0
Jose P Tubbs,0
Josiah R Gutierres,0
Josie Hofman,0
Judith D Gourdine,0
Judith Gourdine,0
Judson Y Hodson,0
Jules Shugart,0
Julio Bryce,0
Julio Dockery,0
Julio P Bryce,0
Julio P Dockery,0
Julius Q Stock,0
Junita Y Huhn,0
Kaci Whitacre,0
Kacy Cairns,0
Kali Kennamer,0
Kandis Owenby,0
Karie Renninger,0
Karima Metivier,0
Karisa B Glidewell,0
Karisa Glidewell,0
Karl O Langlinais,0
Karlene L Mckean,0
Kasi Blakeslee,0
Kate O Paull,0
Katelin F Coney,0
Katheryn Holtzclaw,0
Katia Foran,0
Katie N Kinnison,0
Keenan W Spruell,0
Keila A Lucas,0
Keila F Lofland,0
Keira Till,0
Keira Y Till,0
Keith B Macha,0
Keith E Moyes,0
Keith Q Ofarrell,0
Keitha Foran,0
Kellee L Gravelle,0
Ken X Weisberg,0
Kendrick Burchette,0
Kendrick C Burchette,0
Kenneth Lucius,0
Kenton Q Villalta,0
Kenton Villalta,0
Kermit Mcphail,0
Kerri Y Card,0
Keven Bingham,0
Keven F Bingham,0
Khalilah A Campo,0
Kiara G Abrahamson,0
Kiara T Martinez,0
Kieth G Coney,0
Kimberlee J Hawkins,0
Kimberly Duquette,0
Kimberly K Carr,0
Kirby W Estrella,0
Kirstie Macey,0
Kirstie W Macey,0
Kitty S Sickles,0
Korey I Garrity,0
Korey U Eddington,0
Kori J Fairfax,0
Kraig P Brownfield,0
Kris Bice,0
Kris L Bice,0
Krishna G Raby,0
Krissy S Valazquez,0
Kristal F Bickford,0
Kristen A Beauchemin,0
Kristie E Jain,0
Kristofer N Calahan,0
Kristofer Y Fizer,0
Kristopher Alejos,0
Kurtis C Irons,0
Kylie K Freda,0
Lacy Deshotel,0
Lakenya Z Mccroskey,0
Lala C Marquez,0
Lala R Denman,0
Lamar A Partida,0
Lamar W Estill,0
Lamont J Brescia,0
Lance Pennington,0
Lanelle W Berlanga,0
Larisa Still,0
Larisa X Strauss,0
Larry K Mash,0
Larry Osby,0
Lashaunda Y Munden,0
Latanya C Law,0
Latia Gleaton,0
Latrice Kirch,0
Launa N Kohl,0
Lauren O Guzzi,0
Lauren R Hennessy,0
Laurena P Caston,0
Laurence K Ryles,0
Laurinda Dinh,0
Lavada Maldanado,0
Lavada W Maldanado,0
Lawerence W Abernethy,0
Leanna X Tibbetts,0
Leda X Haskell,0
Leda Y Fabre,0
Leif Harness,0
Leigh Y Haws,0
Leland C Fifield,0
Leland David,0
Lemuel V Darden,0
Lemuel W Hardman,0
Lenny U Rister,0
Leonel S Yuan,0
Leonia Y Derosier,0
Leonore Reason,0
Leopoldo U Hole,0
Leroy H Styron,0
Les Priolo,0
Les V Bejarano,0
Lesha K Cai,0
Lesley Macpherson,0
Leslie I Stolte,0
Leslie Stolte,0
Lester Coldiron,0
Letha L Apel,0
Leticia V Lewandowski,0
Lewis M Racette,0
Lezlie Z Bohannan,0
Lia J Liner,0
Lia Liner,0
Liane U Grafton,0
Lianne M Sweeney,0
Lianne Sweeney,0
Liberty A Shroyer,0
Lidia S Gerling,0
Ligia Hoeft,0
Lincoln D Cauley,0
Lincoln D Demaria,0
Lindy M Reel,0
Linette Q Menard,0
Linn Plummer,0
Linsey P Orsini,0
Linwood H Carter,0
Linwood J Franqui,0
Lisa C Sheridan,0
Lisette F Cowley,0
Liz R Lomonaco,0
Lizzette G Moyle,0
Lizzette Moyle,0
Logan D Berryman,0
Lois Cozad,0
Lona T Collar,0
Londa Petrey,0
Londa T Maya,0
Loralee V Ball,0
Loren H Mckenzie,0
Loren I Casady,0
Loren Isaac,0
Lorette Y Petrillo,0
Lorriane P Ho,0
Lottie G Bonin,0
Lou Baine,0
Louann X Sakamoto,0
Love G Lent,0
Lowell Demmer,0
Lucas Funes,0
Lucas P Funes,0
Luciana N Campfield,0
Lucienne U Clyne,0
Lucius C Moorhead,0
Lucy Reiser,0
Luella W Kemmerer,0
Luke S Tumlin,0
Lyn Q Tso,0
Lyn Tso,0
Lyndon Dunkley,0
Lynn M Blocher,0
Lynwood Durfee,0
Lynwood Q Durfee,0
Mac Lineberry,0
Mac U Palmquist,0
Mac V Lineberry,0
Mack L Lykes,0
Madalene J Martine,0
Madelyn W Boos,0
Magaly Mcneel,0
Magaly U Mcneel,0
Maire Mair,0
Malcolm Y Bonaparte,0
Malcom Darrah,0
Malcom L Meister,0
Man W Bean,0
Mandy W Lavalley,0
Marcella Mapp,0
Marcella Z Mapp,0
Marcellus H Macintyre,0
Marcellus Jalbert,0
Marco J Desilva,0
Margarett E Mulford,0
Margarite E Blalock,0
Margarito M Oxendine,0
Margarito Retana,0
Marget Dials,0
Margit E Gallion,0
Margit Gallaher,0
Margrett M Confer,0
Mariam F Pinheiro,0
Mariano F Leary,0
Mariano Y Kyles,0
Maricela Pendergrass,0
Maris S Briggs,0
Marissa S Hughes,0
Marivel Seiter,0
Mark F Hamman,0
Marketta Candelaria,0
Markus J Lamm,0
Marlana W Zak,0
Marleen R Guyette,0
Marlon M Caddell,0
Marni O Otter,0
Maryellen E Zackery,0
Maryellen H Hartness,0
Maryjo Mccloy,0
Marylouise Howland,0
Marylyn K Ditto,0
Marylynn G Ealey,0
Mason Shiflett,0
Mathilda Monty,0
Matt D Bramblett,0
Mauricio I Streets,0
Mauricio U Talty,0
Maximina K Frates,0
Maxwell Azevedo,0
Maxwell H Azevedo,0
Maybelle Rush,0
Mckinley H Scofield,0
Melida R Corle,0
Mellissa Hembree,0
Mervin E Goering,0
Mervin Goering,0
Meryl Gow,0
Meryl I Nau,0
Meryl Nau,0
Micaela N Buker,0
Micheal F Mcleroy,0
Mickey E Hentges,0
Mickey Hentges,0
Mignon H Ballesteros,0
Mignon Q Dills,0
Miguel P Karp,0
Mika Rodriquez,0
Mike A Waddington,0
Miles Lambert,0
Miles N Light,0
Millicent G Mangan,0
Millicent Mangan,0
Min X Buckmaster,0
Mina P Shotwell,0
Mina Shotwell,0
Minta J Branham,0
Mirian E Gorman,0
Mirtha Herzig,0
Mirtha X Herzig,0
Misti H Mendenhall,0
Misti Royal,0
Moises U Hughs,0
Molly U Rasch,0
Monte F Mcginn,0
Monty C Hughes,0
Morgan K Rathbun,0
Morgan Leonetti,0
Morgan O Carriere,0
Mose O Brucker,0
Mumin Yusha,0
Murray D Pennock,0
Myles G Strum,0
Myra H Parra,0
Myron Elsea,0
Myron V Elsea,0
Nadia B Rosner,0
Nancy V Trogdon,0
Nannette Ressler,0
Nannie Z Seeman,0
Narcisa C Rayburn,0
Natasha L Mcelhannon,0
Nathan Avendano,0
Nathan V Avendano,0
Nathanael G Mcmillin,0
Nathanael Halloway,0
Nathanael W Ohl,0
Neil Gebhard,0
Neil V Gebhard,0
Neil Z Stoughton,0
Nelida E Cheeks,0
Nella Mckeown,0
Nelson O Dubuc,0
Neomi P Pitchford,0
Nestor T Ventura,0
Nettie T Mccandless,0
Newton V Scalia,0
Ngoc P Pogue,0
Ngoc X Watson,0
Nicholas B Salcedo,0
Nick Q Packard,0
Nickolas G Grossi,0
Nicola S Bellis,0
Nicolle A Crothers,0
Nigel K Wadsworth,0
Nigel O Sansom,0
Nigel V Dupras,0
Nikia Z Thrasher,0
Nilsa Arambula,0
Noah O Love,0
Noble Sanderson,0
Noel Garon,0
Nolan V Velazco,0
Novella B Osman,0
Novella Osman,0
Odette Gorden,0
Olevia U Cartier,0
Oliver Mouzon,0
Ona K Koepp,0
Orval N Pichardo,0
Orval Olinger,0
Orval Q Olinger,0
Orval Q Schlesinger,0
Orville Marcantel,0
Orville Massey,0
Oscar R Bovee,0
Oswaldo Baumbach,0
Otha Sylvester,0
Otha T Orrell,0
Palmer O Beamer,0
Pansy Duchesne,0
Paola R Timberlake,0
Paris U Leite,0
Patria D Riedel,0
Patrick H Gilleland,0
Patty Hosey,0
Paz J Hegwood,0
Perry E Huddleston,0
Perry Outland,0
Pete B Donnelly,0
Petrina B Dampier,0
Petrina Dampier,0
Phil Czarnecki,0
Phil G Czarnecki,0
Phil T Urena,0
Philip Trinidad,0
Philip X Trinidad,0
Phillip Crabill,0
Phyllis Figueredo,0
Porfirio Houghton,0
Porsche Dearing,0
Providencia Hennings,0
Queenie M Alder,0
Quinn Linneman,0
Rachelle M Burkhead,0
Rafaela Madrid,0
Rafaela N Madrid,0
Raguel Yeager,0
Ramon Heldt,0
Ramona V Hemphill,0
Ramona W Rand,0
Randal J Kahle,0
Randal Kahle,0
Randee O Cassity,0
Randee X Blunt,0
Raphael W Kellner,0
Rashida M Durante,0
Raye T Willmon,0
Raymond U Flavin,0
Raymundo Pecora,0
Reagan H Costas,0
Reatha E Osby,0
Rebeca Kromer,0
Reed Vella,0
Reggie Cramer,0
Reinaldo G Castellanos,0
Renaldo K Cheatham,0
Rene Morel,0
Ressie Goodwyn,0
Ressie I Goodwyn,0
Retha G Nealy,0
Rex K Dion,0
Reyes X Segal,0
Reynalda M Millwood,0
Reynaldo S Service,0
Rhett A Chapple,0
Rhett H Goode,0
Rich Cleek,0
Rich Q Rehberg,0
Rich Rehberg,0
Richard C Truman,0
Richard J Fetter,0
Richelle Haffner,0
Richie I Weisz,0
Rick E Armenta,0
Rick Y Haefner,0
Rickey I Delk,0
Rina L Chacon,0
Rob Spier,0
Robbie N Heckman,0
Robert Ancheta,0
Robert C Ancheta,0
Robert Winsor,0
Roberto A Fresquez,0
Roberto U Derry,0
Robin Z Stewart,0
Rod Catania,0
Rogelio Finnerty,0
Rogelio Ledezma,0
Rolando Womble,0
Ronnie E Swim,0
Ronnie G Gumbs,0
Ronnie H Upton,0
Ronnie Upton,0
Rosa Iler,0
Rosalva G Shepley,0
Rosanna D Standley,0
Roselia F Britton,0
Rosella E Marron,0
Rosemarie K Fellows,0
Rosetta Messerly,0
Rosette F Cascio,0
Rosina Gonsalves,0
Ross Imai,0
Rosy U Baumeister,0
Roy W Wilkie,0
Royal U Okeefe,0
Royce K Goodwyn,0
Rubin Confer,0
Rubin E Confer,0
Ruby B Hare,0
Rueben X Pidgeon,0
Rufus Neufeld,0
Russ U Belliveau,0
Russel Baumer,0
Rusty Bibby,0
Sal C Heiden,0
Salena I Santillan,0
Salvatore J Lindell,0
Sam C Limones,0
Samantha V Lucky,0
Sammy C Holtzclaw,0
Samuel Dart,0
Sanford Knee,0
Sarita P Schubert,0
Scott D Torrey,0
Scott K Ricco,0
Selma Abram,0
Sena U Delrosario,0
Serina Lingle,0
Seth N Lipsky,0
Shanelle Z Hick,0
Shannon J Force,0
Shanti F Quirion,0
Shanti P Brinegar,0
Shanti Quirion,0
Shara Millsap,0
Sharda W Choudhury,0
Sharita Y Lombardi,0
Sharlene Klein,0
Sharonda Janzen,0
Sharri Z Gormley,0
Sharyl Y Torian,0
Shasta F Bay,0
Shasta P Depuy,0
Shavon K Wescott,0
Shavonne Henkle,0
Shawanda Ostlund,0
Shayne T Claytor,0
Sheila F Bergman,0
Shemika D Porterfield,0
Sherise Bledsoe,0
Sherise C Bledsoe,0
Sherryl Raker,0
Sherwood K Shire,0
Sheryll X Broadbent,0
Shirl M Caraballo,0
Shirley H Mettler,0
Sidney D Amore,0
Silas J Wojcik,0
Silas S Pyatt,0
Silvana V Hendrix,0
Simon G Cromwell,0
Sixta H Jo,0
Sixta Jo,0
Sol Coffman,0
Sol K Roger,0
Solange Landaverde,0
Son D Ricketts,0
Sonny Najar,0
Sophia F Knecht,0
Stacey H Galante,0
Stacy B Kennell,0
Stan I Folks,0
Stan S Watt,0
Stanley Caudill,0
Stanley F Casillas,0
Stasia L Daley,0
Stefanie P Rose,0
Stephnie Millman,0
Steve S Everette,0
Steven B Daigneault,0
Stewart Mazurek,0
Stuart Fullwood,0
Suellen Eoff,0
Susan Barra,0
Susana H Hooks,0
Suzette F Lovejoy,0
Sydney Trosper,0
Sylvester Harmer,0
Sylvester M Harmer,0
Sylvester Z Blackledge,0
Tad Laster,0
Tad Portillo,0
Tad V Laster,0
Talisha F Nicklas,0
Tamera Balser,0
Tammi S Garret,0
Tammy Staples,0
Tammy Z Lorentz,0
Taneka Q Church,0
Tanner Y Hollenbeck,0
Taylor O Thill,0
Taylor Thill,0
Tayna L Covarrubias,0
Teddy Kleinschmidt,0
Tempie Peralta,0
Terra Routh,0
Terrance E Schiefelbein,0
Terrell J Leader,0
Terrell Leader,0
Theda Timothy,0
Theresa Fitzmaurice,0
Therese Q Belden,0
Thomas B Felipe,0
Thurman T Caceres,0
Tiffaney A Schoenberg,0
Tiffaney Schoenberg,0
Tim N Schueller,0
Tim U Kornegay,0
Timmy I Poteat,0
Timmy Kitchens,0
Tinisha V Vince,0
Tiny Llanos,0
Tiny Q Llanos,0
Tiny Z Oliveri,0
Titus Eide,0
Toby Riles,0
Tod Rene,0
Toi F Stallard,0
Tomas V Krout,0
Tommie S Fargo,0
Tommy I Meadows,0
Tona S Huseby,0
Toney Buffum,0
Toney O Gentle,0
Toney W Bollman,0
Tonia Silvis,0
Tonia X Silvis,0
Tonja E Lenahan,0
Tony E Keough,0
Tony Keough,0
Towanda H Matson,0
Toya B Rawlins,0
Tracey Lapinski,0
Trent J Lockman,0
Tressa Q Standard,0
Tressa Standard,0
Trey Kaiser,0
Tristan L Cockrell,0
Tristan M Brackett,0
Troy J Higbee,0
Troy Michalski,0
Tuan L Rhymes,0
Tyler D Galindo,0
Tyler Galindo,0
Tyler N Larkins,0
Tyree W Linden,0
Tyrell R Bramlett,0
Tyson High,0
Ulysses S Abate,0
Un Zebrowski,0
Ute Outen,0
Valarie O Gorecki,0
Valencia M Cuffee,0
Valene R Yost,0
Valene Yost,0
Valene Z Woodmansee,0
Valentin Escoto,0
Valentin T Dearborn,0
Valentine Gibbon,0
Van E Broadbent,0
Van T Dotson,0
Vance Kuss,0
Vasiliki E Thoman,0
Vasiliki Thoman,0
Vaughn Garica,0
Vaughn N Garica,0
Velda V Larue,0
Vern T Lomeli,0
Vernell X Amado,0
Verona H Brobst,0
Veronica I Mower,0
Vicki V Broussard,0
Vicki Y Hargrave,0
Victoria H Musson,0
Vikki N Lezama,0
Vincent N Lennon,0
Vincenzo Rentschler,0
Vinita E Chamber,0
Violet L Ertel,0
Virgil R Yuen,0
Vivienne X Binion,0
Voncile P Trojanowski,0
Vonda U Mckinnis,0
Waldo Witmer,0
Walter B Mcmorrow,0
Walter H Hargreaves,0
Walter R Seddon,0
Walton S Keim,0
Walton U Kapoor,0
Warner I Manly,0
Warren L Manion,0
Waylon Z Curtsinger,0
Wendolyn Riddle,0
Wiley U Maske,0
Wilfred Honore,0
Wilhelmina Y Keaney,0
Willia Vath,0
Williams Timko,0
Wilton Florence,0
Windy Dudek,0
Windy Pharr,0
Windy S Pharr,0
Windy Valadez,0
Wm S Goldschmidt,0
Xochitl Hogan,0
Xochitl Luse,0
Yong Ramsey,0
Young Rueb,0
Yung G Booher,0
Yvone Seay,0
Zachary Haugland,0
Zachary S Velasquez,0
Zachary U Breeden,0
Zachary Velasquez,0
Zachery Barna,0
Zack H Mumaw,0
Zackary G Parkins,0
Zana G Ordonez,0
Zenia D Owings,0
Zoila X Nair,0
